"sample","mother","history","ramp","time","fvfm","C.SH","D.SH","tot.SH"
"1_1","1","C*","cool",0,"0.506",0.001577498,6.059084432,6.06066193
"1_1","1","C*","cool",7,"0.454",NA,NA,NA
"1_1","1","C*","cool",14,"0.457",NA,NA,NA
"1_1","1","C*","cool",21,"0.396",NA,NA,NA
"1_1","1","C*","cool",28,"0.347",5.25394e-05,0.216498317,0.2165508564
"1_1","1","C*","cool",35,"0.386",NA,NA,NA
"1_1","1","C*","cool",42,"0.372",6.30155e-05,0.440557301,0.4406203165
"1_1","1","C*","cool",49,"0.29",NA,NA,NA
"1_1","1","C*","cool",56,"0.246",NA,NA,NA
"1_1","1","C*","cool",63,"0.156",NA,NA,NA
"1_10","1","B'","heat",0,"0.505",0.198909479,3.45776637,3.656675849
"1_10","1","B'","heat",7,"0.508",NA,NA,NA
"1_10","1","B'","heat",14,"0.491",NA,NA,NA
"1_10","1","B'","heat",21,"0.423",NA,NA,NA
"1_10","1","B'","heat",28,"0.364",8.72241e-05,0.575846052,0.5759332761
"1_10","1","B'","heat",35,"0.191",NA,NA,NA
"1_10","1","B'","heat",42,"0",0,0.072734519,0.072734519
"1_11","1","D*","heat",0,"0.475",0,0.305196235,0.305196235
"1_11","1","D*","heat",7,"0.486",NA,NA,NA
"1_11","1","D*","heat",14,"0.502",NA,NA,NA
"1_11","1","D*","heat",21,"0.441",NA,NA,NA
"1_11","1","D*","heat",28,"0.331",8.29512e-05,0.784465484,0.7845484352
"1_11","1","D*","heat",35,"0.128",NA,NA,NA
"1_11","1","D*","heat",42,"0",0,0.027281492,0.027281492
"1_12","1","F*","heat",0,"0.461",0,0.871150337,0.871150337
"1_12","1","F*","heat",7,"0.488",NA,NA,NA
"1_12","1","F*","heat",14,"0.469",NA,NA,NA
"1_12","1","F*","heat",21,"0.405",NA,NA,NA
"1_12","1","F*","heat",28,"0.278",0,0.489845144,0.489845144
"1_12","1","F*","heat",35,"0.173",NA,NA,NA
"1_12","1","F*","heat",42,"0",0,0.048384583,0.048384583
"1_13","1","E'","cool",0,"0.504",0.962488481,1.975020296,2.937508777
"1_13","1","E'","cool",7,"0.477",NA,NA,NA
"1_13","1","E'","cool",14,"0.445",NA,NA,NA
"1_13","1","E'","cool",21,"0.428",NA,NA,NA
"1_13","1","E'","cool",28,"0.402",0.119912323,0.293518279,0.413430602
"1_13","1","E'","cool",35,"0.412",NA,NA,NA
"1_13","1","E'","cool",42,"0.402",0.112923763,0.049659828,0.162583591
"1_13","1","E'","cool",49,"0.329",NA,NA,NA
"1_13","1","E'","cool",56,"0.23",NA,NA,NA
"1_13","1","E'","cool",63,"0.18",0.005889178,0.046986933,0.052876111
"1_16","1","C*","cool",0,"0.468",NA,NA,NA
"1_16","1","C*","cool",7,"0.444",NA,NA,NA
"1_16","1","C*","cool",14,"0.453",NA,NA,NA
"1_16","1","C*","cool",21,"0.405",NA,NA,NA
"1_16","1","C*","cool",28,"0.357",0.000161564,2.339026124,2.339187688
"1_16","1","C*","cool",35,"0.348",NA,NA,NA
"1_16","1","C*","cool",42,"0.35",0.000153481,0.921343374,0.921496855
"1_16","1","C*","cool",49,"0.293",NA,NA,NA
"1_16","1","C*","cool",56,"0.244",NA,NA,NA
"1_16","1","C*","cool",63,"0.219",0,5.200620407,5.200620407
"1_19","1","A'","cool",0,"0.505",NA,NA,NA
"1_19","1","A'","cool",7,"0.52",NA,NA,NA
"1_19","1","A'","cool",14,"0.489",NA,NA,NA
"1_19","1","A'","cool",21,"0.459",NA,NA,NA
"1_19","1","A'","cool",28,"0.435",0.080192616,0,0.080192616
"1_19","1","A'","cool",35,"0.476",NA,NA,NA
"1_19","1","A'","cool",42,"0.463",0.308370987,0,0.308370987
"1_19","1","A'","cool",49,"0.373",NA,NA,NA
"1_19","1","A'","cool",56,"0.232",NA,NA,NA
"1_19","1","A'","cool",63,"0.259",0.002621449,0,0.002621449
"1_23","1","B*","heat",0,"0.484",0.000915154,1.061849291,1.062764445
"1_23","1","B*","heat",7,"0.501",NA,NA,NA
"1_23","1","B*","heat",14,"0.462",NA,NA,NA
"1_23","1","B*","heat",21,"0.441",NA,NA,NA
"1_23","1","B*","heat",28,"0.297",0,1.252628403,1.252628403
"1_23","1","B*","heat",35,"0.116",NA,NA,NA
"1_23","1","B*","heat",42,"0",0,0.072055785,0.072055785
"1_24","1","F'","heat",0,"0.443",0.000689521,0.479456203,0.480145724
"1_24","1","F'","heat",7,"0.458",NA,NA,NA
"1_24","1","F'","heat",14,"0.424",NA,NA,NA
"1_24","1","F'","heat",21,"0.364",NA,NA,NA
"1_24","1","F'","heat",28,"0.263",3.52509e-05,0.51137185,0.5114071009
"1_24","1","F'","heat",35,"0.217",NA,NA,NA
"1_24","1","F'","heat",42,"0.133",0,1.029584654,1.029584654
"1_25","1","A*","cool",0,"0.472",0.009945488,4.867058884,4.877004372
"1_25","1","A*","cool",7,"0.432",NA,NA,NA
"1_25","1","A*","cool",14,"0.432",NA,NA,NA
"1_25","1","A*","cool",21,"0.363",NA,NA,NA
"1_25","1","A*","cool",28,"0.332",0.014060079,2.265475728,2.279535807
"1_25","1","A*","cool",35,"0.358",NA,NA,NA
"1_25","1","A*","cool",42,"0.327",NA,NA,NA
"1_25","1","A*","cool",49,"0.277",NA,NA,NA
"1_25","1","A*","cool",56,"0.192",NA,NA,NA
"1_25","1","A*","cool",63,"0.15",0.000842224,0.395340013,0.396182237
"1_26","1","C'","cool",0,"0.478",0.008624224,1.298955863,1.307580087
"1_26","1","C'","cool",7,"0.448",NA,NA,NA
"1_26","1","C'","cool",14,"0.449",NA,NA,NA
"1_26","1","C'","cool",21,"0.385",NA,NA,NA
"1_26","1","C'","cool",28,"0.334",0.039157296,2.967819485,3.006976781
"1_26","1","C'","cool",35,"0.368",NA,NA,NA
"1_26","1","C'","cool",42,"0.343",NA,NA,NA
"1_26","1","C'","cool",49,"0.273",NA,NA,NA
"1_26","1","C'","cool",56,"0.232",NA,NA,NA
"1_26","1","C'","cool",63,"0.142",0.001358631,1.757709383,1.759068014
"1_30","1","A'","cool",0,"0.519",NA,NA,NA
"1_30","1","A'","cool",7,"0.526",NA,NA,NA
"1_30","1","A'","cool",14,"0.535",NA,NA,NA
"1_30","1","A'","cool",21,"0.528",NA,NA,NA
"1_30","1","A'","cool",28,"0.468",0.055296706,0,0.055296706
"1_30","1","A'","cool",35,"0.503",NA,NA,NA
"1_30","1","A'","cool",42,"0.495",0.286751116,0,0.286751116
"1_30","1","A'","cool",49,"0.39",NA,NA,NA
"1_30","1","A'","cool",56,"0.303",NA,NA,NA
"1_30","1","A'","cool",63,"0.3",0.003994998,0,0.003994998
"1_9","1","D'","heat",0,"0.486",0.000677894,1.298186733,1.298864627
"1_9","1","D'","heat",7,"0.479",NA,NA,NA
"1_9","1","D'","heat",14,"0.464",NA,NA,NA
"1_9","1","D'","heat",21,"0.416",NA,NA,NA
"1_9","1","D'","heat",28,"0.303",0,7.211333943,7.211333943
"1_9","1","D'","heat",35,"0.158",NA,NA,NA
"1_9","1","D'","heat",42,"0",3.51942e-05,0.053362197,0.0533973912
"2_13","2","F'","heat",0,"0.493",0.017913701,1.227200309,1.24511401
"2_13","2","F'","heat",7,"0.507",NA,NA,NA
"2_13","2","F'","heat",14,"0.502",NA,NA,NA
"2_13","2","F'","heat",21,"0.443",NA,NA,NA
"2_13","2","F'","heat",28,"0.325",0,0.199365983,0.199365983
"2_13","2","F'","heat",35,"0.152",NA,NA,NA
"2_13","2","F'","heat",42,"0",0,0.020163276,0.020163276
"2_14","2","A'","cool",0,"0.515",0.024768114,0,0.024768114
"2_14","2","A'","cool",7,"0.499",NA,NA,NA
"2_14","2","A'","cool",14,"0.481",NA,NA,NA
"2_14","2","A'","cool",21,"0.437",NA,NA,NA
"2_14","2","A'","cool",28,"0.394",0.134820838,0,0.134820838
"2_14","2","A'","cool",35,"0.444",NA,NA,NA
"2_14","2","A'","cool",42,"0.403",0.13972245,0,0.13972245
"2_14","2","A'","cool",49,"0.323",NA,NA,NA
"2_14","2","A'","cool",56,"0.21",NA,NA,NA
"2_14","2","A'","cool",63,"0.276",0.000942426,0,0.000942426
"2_15","2","E'","cool",0,"0.525",0.010191488,0.00516523,0.015356718
"2_15","2","E'","cool",7,"0.503",NA,NA,NA
"2_15","2","E'","cool",14,"0.465",NA,NA,NA
"2_15","2","E'","cool",21,"0.4",NA,NA,NA
"2_15","2","E'","cool",28,"0.378",0.059132624,0.004151146,0.06328377
"2_15","2","E'","cool",35,"0.375",NA,NA,NA
"2_15","2","E'","cool",42,"0.369",0.049830628,0.014013267,0.063843895
"2_15","2","E'","cool",49,"0.327",NA,NA,NA
"2_15","2","E'","cool",56,"0.172",NA,NA,NA
"2_15","2","E'","cool",63,"0.175",0.000990721,0.017051101,0.018041822
"2_17","2","C'","cool",0,"0.508",0.007588004,1.603425987,1.611013991
"2_17","2","C'","cool",7,"0.474",NA,NA,NA
"2_17","2","C'","cool",14,"0.463",NA,NA,NA
"2_17","2","C'","cool",21,"0.399",NA,NA,NA
"2_17","2","C'","cool",28,"0.354",0.002557539,0.180594192,0.183151731
"2_17","2","C'","cool",35,"0.396",NA,NA,NA
"2_17","2","C'","cool",42,"0.366",0.021371579,0.590439516,0.611811095
"2_17","2","C'","cool",49,"0.263",NA,NA,NA
"2_17","2","C'","cool",56,"0.236",NA,NA,NA
"2_17","2","C'","cool",63,"0.148",9.18069e-05,0.311701706,0.3117935129
"2_18","2","24A'","heat",0,"0.526",0.066156042,0,0.066156042
"2_18","2","24A'","heat",7,"0.49",NA,NA,NA
"2_18","2","24A'","heat",14,"0.492",NA,NA,NA
"2_18","2","24A'","heat",21,"0.379",NA,NA,NA
"2_18","2","24A'","heat",28,"0.359",1.07502e-05,0.000157333,0.0001680832
"2_18","2","24A'","heat",35,"0.28",NA,NA,NA
"2_18","2","24A'","heat",42,"0",NA,NA,NA
"2_19","2","E*","cool",0,"0.493",NA,NA,NA
"2_19","2","E*","cool",7,"0.463",NA,NA,NA
"2_19","2","E*","cool",14,"0.446",NA,NA,NA
"2_19","2","E*","cool",21,"0.426",NA,NA,NA
"2_19","2","E*","cool",28,"0.372",0.001502186,0.16104922,0.162551406
"2_19","2","E*","cool",35,"0.415",NA,NA,NA
"2_19","2","E*","cool",42,"0.349",0.003549638,0.245551561,0.249101199
"2_19","2","E*","cool",49,"0.268",NA,NA,NA
"2_19","2","E*","cool",56,"0.277",NA,NA,NA
"2_19","2","E*","cool",63,"0.183",NA,NA,NA
"2_20","2","D*","heat",0,"0.485",NA,NA,NA
"2_20","2","D*","heat",7,"0.487",NA,NA,NA
"2_20","2","D*","heat",14,"0.506",NA,NA,NA
"2_20","2","D*","heat",21,"0.467",NA,NA,NA
"2_20","2","D*","heat",28,"0.351",1.58623e-06,0.044296444,0.04429803023
"2_20","2","D*","heat",35,"0.111",NA,NA,NA
"2_20","2","D*","heat",42,"0.118",2.04398e-05,0.015126959,0.0151473988
"2_21","2","B'","heat",0,"0.541",NA,NA,NA
"2_21","2","B'","heat",7,"0.539",NA,NA,NA
"2_21","2","B'","heat",14,"0.506",NA,NA,NA
"2_21","2","B'","heat",21,"0.438",NA,NA,NA
"2_21","2","B'","heat",28,"0.314",0.000251012,0.299573759,0.299824771
"2_21","2","B'","heat",35,"0.263",NA,NA,NA
"2_21","2","B'","heat",42,"0",0.000245181,0.002347104,0.002592285
"2_22","2","A*","cool",0,"0.497",0.007230572,0.183699502,0.190930074
"2_22","2","A*","cool",7,"0.479",NA,NA,NA
"2_22","2","A*","cool",14,"0.47",NA,NA,NA
"2_22","2","A*","cool",21,"0.393",NA,NA,NA
"2_22","2","A*","cool",28,"0.376",0.011598657,0.264512047,0.276110704
"2_22","2","A*","cool",35,"0.419",NA,NA,NA
"2_22","2","A*","cool",42,"0.35",0.007999297,0.166604796,0.174604093
"2_22","2","A*","cool",49,"0.303",NA,NA,NA
"2_22","2","A*","cool",56,"0.223",NA,NA,NA
"2_22","2","A*","cool",63,"0.167",0.001005882,0.179798734,0.180804616
"2_23","2","C*","cool",0,"0.479",NA,NA,NA
"2_23","2","C*","cool",7,"0.473",NA,NA,NA
"2_23","2","C*","cool",14,"0.486",NA,NA,NA
"2_23","2","C*","cool",21,"0.442",NA,NA,NA
"2_23","2","C*","cool",28,"0.406",0.000327951,1.181550542,1.181878493
"2_23","2","C*","cool",35,"0.38",NA,NA,NA
"2_23","2","C*","cool",42,"0.433",0.001361281,0.881799246,0.883160527
"2_23","2","C*","cool",49,"0.344",NA,NA,NA
"2_23","2","C*","cool",56,"0.274",NA,NA,NA
"2_23","2","C*","cool",63,"0.156",0,1.639126858,1.639126858
"2_24","2","24A'","heat",0,"0.521",NA,NA,NA
"2_24","2","24A'","heat",7,"0.486",NA,NA,NA
"2_24","2","24A'","heat",14,"0.447",NA,NA,NA
"2_24","2","24A'","heat",21,"0.39",NA,NA,NA
"2_24","2","24A'","heat",28,"0.33",NA,NA,NA
"2_24","2","24A'","heat",35,"0.237",NA,NA,NA
"2_24","2","24A'","heat",42,"0",0,0,0
"2_4","2","F*","heat",0,"0.49",4.68109e-05,0.368223966,0.3682707769
"2_4","2","F*","heat",7,"0.497",NA,NA,NA
"2_4","2","F*","heat",14,"0.504",NA,NA,NA
"2_4","2","F*","heat",21,"0.439",NA,NA,NA
"2_4","2","F*","heat",28,"0.281",0,0.213729896,0.213729896
"2_4","2","F*","heat",35,"0.195",NA,NA,NA
"2_4","2","F*","heat",42,"0",0,0.004678585,0.004678585
"2_5","2","D'","heat",0,"0.535",1.88249e-05,0.203783924,0.2038027489
"2_5","2","D'","heat",7,"0.519",NA,NA,NA
"2_5","2","D'","heat",14,"0.487",NA,NA,NA
"2_5","2","D'","heat",21,"0.449",NA,NA,NA
"2_5","2","D'","heat",28,"0.333",4.79107e-05,0.235104301,0.2351522117
"2_5","2","D'","heat",35,"0.187",NA,NA,NA
"2_5","2","D'","heat",42,"0.2",0,0.031275102,0.031275102
"2_6","2","24A'","heat",0,"0.529",0.032092297,0.000196166,0.032288463
"2_6","2","24A'","heat",7,"0.488",NA,NA,NA
"2_6","2","24A'","heat",14,"0.469",NA,NA,NA
"2_6","2","24A'","heat",21,"0.39",NA,NA,NA
"2_6","2","24A'","heat",28,"0.379",3.13155e-05,0,3.13155e-05
"2_6","2","24A'","heat",35,"0.354",NA,NA,NA
"2_6","2","24A'","heat",42,"0.182",0,0,0
"2_7","2","B*","heat",0,"0.534",0.000919617,1.083730168,1.084649785
"2_7","2","B*","heat",7,"0.534",NA,NA,NA
"2_7","2","B*","heat",14,"0.479",NA,NA,NA
"2_7","2","B*","heat",21,"0.467",NA,NA,NA
"2_7","2","B*","heat",28,"0.324",0,0.550074459,0.550074459
"2_7","2","B*","heat",35,"0.184",NA,NA,NA
"2_7","2","B*","heat",42,"0.171",1.83186e-05,0.004142634,0.0041609526
"3_1","3","D*","heat",0,"0.479",0,2.923287776,2.923287776
"3_1","3","D*","heat",7,"0.5",NA,NA,NA
"3_1","3","D*","heat",14,"0.444",NA,NA,NA
"3_1","3","D*","heat",21,"0.444",NA,NA,NA
"3_1","3","D*","heat",28,"0.362",0,0.452827483,0.452827483
"3_1","3","D*","heat",35,"0.228",NA,NA,NA
"3_1","3","D*","heat",42,"0.176",0,0.046917906,0.046917906
"3_11","3","F*","heat",0,"0.466",9.39903e-05,0.098796268,0.0988902583
"3_11","3","F*","heat",7,"0.48",NA,NA,NA
"3_11","3","F*","heat",14,"0.472",NA,NA,NA
"3_11","3","F*","heat",21,"0.422",NA,NA,NA
"3_11","3","F*","heat",28,"0.326",0,0.23313235,0.23313235
"3_11","3","F*","heat",35,"0.205",NA,NA,NA
"3_11","3","F*","heat",42,"0",0.000313659,0.269961435,0.270275094
"3_14","3","B'","heat",0,"0.532",NA,NA,NA
"3_14","3","B'","heat",7,"0.523",NA,NA,NA
"3_14","3","B'","heat",14,"0.5",NA,NA,NA
"3_14","3","B'","heat",21,"0.439",NA,NA,NA
"3_14","3","B'","heat",28,"0.346",0.004926757,0.228935212,0.233861969
"3_14","3","B'","heat",35,"0.209",NA,NA,NA
"3_14","3","B'","heat",42,"0",0.000138541,0.022574826,0.022713367
"3_15","3","B'","heat",0,"0.531",0.107385577,0.242561182,0.349946759
"3_15","3","B'","heat",7,"0.546",NA,NA,NA
"3_15","3","B'","heat",14,"0.524",NA,NA,NA
"3_15","3","B'","heat",21,"0.442",NA,NA,NA
"3_15","3","B'","heat",28,"0.405",3.58636e-05,0.157363416,0.1573992796
"3_15","3","B'","heat",35,"0.183",NA,NA,NA
"3_15","3","B'","heat",42,"0",0,0.036329008,0.036329008
"3_23","3","F'","heat",0,"0.482",0.000685542,0.215161205,0.215846747
"3_23","3","F'","heat",7,"0.494",NA,NA,NA
"3_23","3","F'","heat",14,"0.484",NA,NA,NA
"3_23","3","F'","heat",21,"0.431",NA,NA,NA
"3_23","3","F'","heat",28,"0.339",0.000212304,0.717627778,0.717840082
"3_23","3","F'","heat",35,"0.188",NA,NA,NA
"3_23","3","F'","heat",42,"0",0,0.051301025,0.051301025
"3_25","3","F'","heat",0,"0.507",NA,NA,NA
"3_25","3","F'","heat",7,"0.496",NA,NA,NA
"3_25","3","F'","heat",14,"0.484",NA,NA,NA
"3_25","3","F'","heat",21,"0.445",NA,NA,NA
"3_25","3","F'","heat",28,"0.333",0,1.116548461,1.116548461
"3_25","3","F'","heat",35,"0.141",NA,NA,NA
"3_25","3","F'","heat",42,"0",0,0.061987114,0.061987114
"3_26","3","D'","heat",0,"0.495",1.65504e-05,0.262041802,0.2620583524
"3_26","3","D'","heat",7,"0.53",NA,NA,NA
"3_26","3","D'","heat",14,"0.51",NA,NA,NA
"3_26","3","D'","heat",21,"0.458",NA,NA,NA
"3_26","3","D'","heat",28,"0.344",0,0.298376694,0.298376694
"3_26","3","D'","heat",35,"0.12",NA,NA,NA
"3_26","3","D'","heat",42,"0.139",1.64906e-05,0.049574486,0.0495909766
"3_27","3","D*","heat",0,"0.478",8.9317e-06,0.229215807,0.2292247387
"3_27","3","D*","heat",7,"0.485",NA,NA,NA
"3_27","3","D*","heat",14,"0.501",NA,NA,NA
"3_27","3","D*","heat",21,"0.45",NA,NA,NA
"3_27","3","D*","heat",28,"0.356",0,1.04531644,1.04531644
"3_27","3","D*","heat",35,"0.16",NA,NA,NA
"3_27","3","D*","heat",42,"0.145",0.000242158,0.492640083,0.492882241
"3_28","3","E'","cool",0,"0.544",0.271468409,0.403755752,0.675224161
"3_28","3","E'","cool",7,"0.503",NA,NA,NA
"3_28","3","E'","cool",14,"0.513",NA,NA,NA
"3_28","3","E'","cool",21,"0.489",NA,NA,NA
"3_28","3","E'","cool",28,"0.436",0.027179109,0.043161981,0.07034109
"3_28","3","E'","cool",35,"0.423",NA,NA,NA
"3_28","3","E'","cool",42,"0.426",0.078021509,0.050645695,0.128667204
"3_28","3","E'","cool",49,"0.374",NA,NA,NA
"3_28","3","E'","cool",56,"0.212",NA,NA,NA
"3_28","3","E'","cool",63,"0.212",0.008194731,0.072721635,0.080916366
"3_29","3","D'","heat",0,"0.504",0,4.16600891,4.16600891
"3_29","3","D'","heat",7,"0.482",NA,NA,NA
"3_29","3","D'","heat",14,"0.45",NA,NA,NA
"3_29","3","D'","heat",21,"0.438",NA,NA,NA
"3_29","3","D'","heat",28,"0.373",0,0.621734614,0.621734614
"3_29","3","D'","heat",35,"0.237",NA,NA,NA
"3_29","3","D'","heat",42,"0",1.50975e-05,0.018160194,0.0181752915
"3_30","3","A*","cool",0,"0.485",0.001395535,0.891684295,0.89307983
"3_30","3","A*","cool",7,"0.463",NA,NA,NA
"3_30","3","A*","cool",14,"0.463",NA,NA,NA
"3_30","3","A*","cool",21,"0.391",NA,NA,NA
"3_30","3","A*","cool",28,"0.37",0.00086221,0.463666905,0.464529115
"3_30","3","A*","cool",35,"0.411",NA,NA,NA
"3_30","3","A*","cool",42,"0.345",0.000683827,0.230835342,0.231519169
"3_30","3","A*","cool",49,"0.318",NA,NA,NA
"3_30","3","A*","cool",56,"0.219",NA,NA,NA
"3_30","3","A*","cool",63,"0.144",0.003285311,1.354090552,1.357375863
"3_31","3","E'","cool",0,"0.535",0.359200978,0.05142672,0.410627698
"3_31","3","E'","cool",7,"0.508",NA,NA,NA
"3_31","3","E'","cool",14,"0.496",NA,NA,NA
"3_31","3","E'","cool",21,"0.445",NA,NA,NA
"3_31","3","E'","cool",28,"0.437",0.152493458,0.007830393,0.160323851
"3_31","3","E'","cool",35,"0.431",NA,NA,NA
"3_31","3","E'","cool",42,"0.405",0.305435823,0.055504384,0.360940207
"3_31","3","E'","cool",49,"0.394",NA,NA,NA
"3_31","3","E'","cool",56,"0.217",NA,NA,NA
"3_31","3","E'","cool",63,"0.122",0.040428647,0.021899216,0.062327863
"3_32","3","A'","cool",0,"0.527",NA,NA,NA
"3_32","3","A'","cool",7,"0.542",NA,NA,NA
"3_32","3","A'","cool",14,"0.543",NA,NA,NA
"3_32","3","A'","cool",21,"0.534",NA,NA,NA
"3_32","3","A'","cool",28,"0.464",0.351550982,0,0.351550982
"3_32","3","A'","cool",35,"0.507",NA,NA,NA
"3_32","3","A'","cool",42,"0.511",0.096081286,0,0.096081286
"3_32","3","A'","cool",49,"0.409",NA,NA,NA
"3_32","3","A'","cool",56,"0.363",NA,NA,NA
"3_32","3","A'","cool",63,"0.344",0.003716667,0,0.003716667
"3_36","3","E*","cool",0,"0.482",NA,NA,NA
"3_36","3","E*","cool",7,"0.409",NA,NA,NA
"3_36","3","E*","cool",14,"0.394",NA,NA,NA
"3_36","3","E*","cool",21,"0.356",NA,NA,NA
"3_36","3","E*","cool",28,"0.301",0.000161994,0.420142505,0.420304499
"3_36","3","E*","cool",35,"0.333",NA,NA,NA
"3_36","3","E*","cool",42,"0.281",0.000673475,0.601565966,0.602239441
"3_36","3","E*","cool",49,"0.196",NA,NA,NA
"3_36","3","E*","cool",56,"0.196",NA,NA,NA
"3_36","3","E*","cool",63,"0.104",NA,NA,NA
"3_37","3","C'","cool",0,"0.443",0.000881574,4.387388513,4.388270087
"3_37","3","C'","cool",7,"0.434",NA,NA,NA
"3_37","3","C'","cool",14,"0.425",NA,NA,NA
"3_37","3","C'","cool",21,"0.367",NA,NA,NA
"3_37","3","C'","cool",28,"0.307",0.002612792,3.815351027,3.817963819
"3_37","3","C'","cool",35,"0.339",NA,NA,NA
"3_37","3","C'","cool",42,"0.392",0.001747784,0.866086009,0.867833793
"3_37","3","C'","cool",49,"0.219",NA,NA,NA
"3_37","3","C'","cool",56,"0.191",NA,NA,NA
"3_37","3","C'","cool",63,"0.102",0.000423068,0.418402808,0.418825876
"3_39","3","F'","heat",0,"0.501",0.003261164,0.488139399,0.491400563
"3_39","3","F'","heat",7,"0.509",NA,NA,NA
"3_39","3","F'","heat",14,"0.473",NA,NA,NA
"3_39","3","F'","heat",21,"0.442",NA,NA,NA
"3_39","3","F'","heat",28,"0.334",0,0.205188365,0.205188365
"3_39","3","F'","heat",35,"0.246",NA,NA,NA
"3_39","3","F'","heat",42,"0",1.20897e-06,0.00569415,0.00569535897
"3_4","3","B*","heat",0,"0.49",7.89309e-05,0.886723307,0.8868022379
"3_4","3","B*","heat",7,"0.5",NA,NA,NA
"3_4","3","B*","heat",14,"0.455",NA,NA,NA
"3_4","3","B*","heat",21,"0.45",NA,NA,NA
"3_4","3","B*","heat",28,"0.335",0,4.412045645,4.412045645
"3_4","3","B*","heat",35,"0.197",NA,NA,NA
"3_4","3","B*","heat",42,"0",0,0.527227224,0.527227224
"3_42","3","24A'","heat",0,NA,0.337597943,0,0.337597943
"3_42","3","24A'","heat",7,"0.524",NA,NA,NA
"3_42","3","24A'","heat",14,"0.469",NA,NA,NA
"3_42","3","24A'","heat",21,"0.341",NA,NA,NA
"3_42","3","24A'","heat",28,"0.393",NA,NA,NA
"3_42","3","24A'","heat",35,"0.252",NA,NA,NA
"3_42","3","24A'","heat",42,"0.161",NA,NA,NA
"4_1","4","A'","cool",0,"0.508",NA,NA,NA
"4_1","4","A'","cool",7,"0.497",NA,NA,NA
"4_1","4","A'","cool",14,"0.533",NA,NA,NA
"4_1","4","A'","cool",21,"0.494",NA,NA,NA
"4_1","4","A'","cool",28,"0.43",NA,NA,NA
"4_1","4","A'","cool",35,"0.413",NA,NA,NA
"4_1","4","A'","cool",42,"0.401",0.129242266,0,0.129242266
"4_1","4","A'","cool",49,"0.378",NA,NA,NA
"4_1","4","A'","cool",56,"0.142",NA,NA,NA
"4_1","4","A'","cool",63,"0.079",0.02989963,0,0.02989963
"4_10","4","E*","cool",0,"0.442",3.18143e-05,0.142195629,0.1422274433
"4_10","4","E*","cool",7,"0.414",NA,NA,NA
"4_10","4","E*","cool",14,"0.392",NA,NA,NA
"4_10","4","E*","cool",21,"0.338",NA,NA,NA
"4_10","4","E*","cool",28,"0.286",0.000345555,0.250306691,0.250652246
"4_10","4","E*","cool",35,"0.328",NA,NA,NA
"4_10","4","E*","cool",42,"0.292",8.38579e-05,0.227275067,0.2273589249
"4_10","4","E*","cool",49,"0.227",NA,NA,NA
"4_10","4","E*","cool",56,"0.184",NA,NA,NA
"4_10","4","E*","cool",63,"0.136",NA,NA,NA
"4_12","4","F'","heat",0,"0.456",NA,NA,NA
"4_12","4","F'","heat",7,"0.467",NA,NA,NA
"4_12","4","F'","heat",14,"0.446",NA,NA,NA
"4_12","4","F'","heat",21,"0.391",NA,NA,NA
"4_12","4","F'","heat",28,"0.332",5.63232e-06,0.133603432,0.13360906432
"4_13","4","A*","cool",0,"0.449",NA,NA,NA
"4_13","4","A*","cool",7,"0.465",NA,NA,NA
"4_13","4","A*","cool",14,"0.461",NA,NA,NA
"4_13","4","A*","cool",21,"0.432",NA,NA,NA
"4_13","4","A*","cool",28,"0.372",0.004361725,0.043378879,0.047740604
"4_13","4","A*","cool",35,"0.42",NA,NA,NA
"4_13","4","A*","cool",42,"0.5",0.013225158,0.150909535,0.164134693
"4_13","4","A*","cool",49,"0.298",NA,NA,NA
"4_13","4","A*","cool",56,"0.235",NA,NA,NA
"4_13","4","A*","cool",63,"0.135",0.00445671,0.295775876,0.300232586
"4_15","4","E'","cool",0,"0.519",0.019946659,0.000420926,0.020367585
"4_15","4","E'","cool",7,"0.483",NA,NA,NA
"4_15","4","E'","cool",14,"0.483",NA,NA,NA
"4_15","4","E'","cool",21,"0.403",NA,NA,NA
"4_15","4","E'","cool",28,"0.37",0.008800856,0.000318229,0.009119085
"4_15","4","E'","cool",35,"0.377",NA,NA,NA
"4_15","4","E'","cool",42,"0.344",0.627366317,0.018991512,0.646357829
"4_15","4","E'","cool",49,"0.271",NA,NA,NA
"4_15","4","E'","cool",56,"0.145",NA,NA,NA
"4_15","4","E'","cool",63,"0.049",0.002526298,0.000220158,0.002746456
"4_16","4","C'","cool",0,"0.479",3.25847e-05,0.05539845,0.0554310347
"4_16","4","C'","cool",7,"0.443",NA,NA,NA
"4_16","4","C'","cool",14,"0.415",NA,NA,NA
"4_16","4","C'","cool",21,"0.321",NA,NA,NA
"4_16","4","C'","cool",28,"0.364",0.000867529,0.233818218,0.234685747
"4_16","4","C'","cool",35,"0.318",NA,NA,NA
"4_16","4","C'","cool",42,"0.267",0.000165166,0.02724941,0.027414576
"4_16","4","C'","cool",49,"0.266",NA,NA,NA
"4_16","4","C'","cool",56,"0.227",NA,NA,NA
"4_16","4","C'","cool",63,"0.205",1.04713e-05,0.012325418,0.0123358893
"4_17","4","F*","heat",0,"0.442",NA,NA,NA
"4_17","4","F*","heat",7,"0.472",NA,NA,NA
"4_17","4","F*","heat",14,"0.431",NA,NA,NA
"4_17","4","F*","heat",21,"0.382",NA,NA,NA
"4_17","4","F*","heat",28,"0.378",0,2.24219526,2.24219526
"4_18","4","C'","cool",0,"0.478",0.001015258,0.081193811,0.082209069
"4_18","4","C'","cool",7,"0.456",NA,NA,NA
"4_18","4","C'","cool",14,"0.458",NA,NA,NA
"4_18","4","C'","cool",21,"0.364",NA,NA,NA
"4_18","4","C'","cool",28,"0.34",0.020646898,0.771337212,0.79198411
"4_18","4","C'","cool",35,"0.361",NA,NA,NA
"4_18","4","C'","cool",42,"0.295",0.00292301,0.113162877,0.116085887
"4_18","4","C'","cool",49,"0.25",NA,NA,NA
"4_18","4","C'","cool",56,"0.15",NA,NA,NA
"4_18","4","C'","cool",63,"0.116",NA,NA,NA
"4_20","4","A*","cool",0,"0.528",0.086563509,0.968105563,1.054669072
"4_20","4","A*","cool",7,"0.535",NA,NA,NA
"4_20","4","A*","cool",14,"0.526",NA,NA,NA
"4_20","4","A*","cool",21,"0.525",NA,NA,NA
"4_20","4","A*","cool",28,"0.464",0.063526365,0.079038743,0.142565108
"4_20","4","A*","cool",35,"0.509",NA,NA,NA
"4_20","4","A*","cool",42,"0.403",0.054027389,0.004539088,0.058566477
"4_20","4","A*","cool",49,"0.362",NA,NA,NA
"4_20","4","A*","cool",56,"0.271",NA,NA,NA
"4_20","4","A*","cool",63,"0.337",NA,NA,NA
"4_23","4","B'","heat",0,"0.44",0.001350138,0.149763514,0.151113652
"4_23","4","B'","heat",7,"0.473",NA,NA,NA
"4_23","4","B'","heat",14,"0.394",NA,NA,NA
"4_23","4","B'","heat",21,"0.324",NA,NA,NA
"4_23","4","B'","heat",28,"0.315",0.001045403,0.381148933,0.382194336
"4_3","4","B*","heat",0,"0.466",0,0.095419664,0.095419664
"4_3","4","B*","heat",7,"0.462",NA,NA,NA
"4_3","4","B*","heat",14,"0.455",NA,NA,NA
"4_3","4","B*","heat",21,"0.324",NA,NA,NA
"4_3","4","B*","heat",28,"0.283",7.99222e-06,0.267355985,0.26736397722
"4_5","4","A'","cool",0,"0.531",NA,NA,NA
"4_5","4","A'","cool",7,"0.46",NA,NA,NA
"4_5","4","A'","cool",14,"0.524",NA,NA,NA
"4_5","4","A'","cool",21,"0.507",NA,NA,NA
"4_5","4","A'","cool",28,"0.441",0.008174848,0,0.008174848
"4_5","4","A'","cool",35,"0.479",NA,NA,NA
"4_5","4","A'","cool",42,"0.455",0.034328674,0,0.034328674
"4_5","4","A'","cool",49,"0.339",NA,NA,NA
"4_5","4","A'","cool",56,"0.256",NA,NA,NA
"4_5","4","A'","cool",63,"0.205",NA,NA,NA
"4_6","4","F*","heat",0,"0.468",0,0.185664631,0.185664631
"4_6","4","F*","heat",7,"0.489",NA,NA,NA
"4_6","4","F*","heat",14,"0.51",NA,NA,NA
"4_6","4","F*","heat",21,"0.479",NA,NA,NA
"4_6","4","F*","heat",28,"0.317",0,0.288319942,0.288319942
"4_7","4","D'","heat",0,"0.449",0,0.18007909,0.18007909
"4_7","4","D'","heat",7,"0.483",NA,NA,NA
"4_7","4","D'","heat",14,"0.459",NA,NA,NA
"4_7","4","D'","heat",21,"0.368",NA,NA,NA
"4_7","4","D'","heat",28,"0.345",5.24722e-06,0.153398619,0.15340386622
"4_8","4","C*","cool",0,"0.438",NA,NA,NA
"4_8","4","C*","cool",7,"0.416",NA,NA,NA
"4_8","4","C*","cool",14,"0.392",NA,NA,NA
"4_8","4","C*","cool",21,"0.332",NA,NA,NA
"4_8","4","C*","cool",28,"0.325",0.000157629,1.608520636,1.608678265
"4_8","4","C*","cool",35,"0.343",NA,NA,NA
"4_8","4","C*","cool",42,"0.276",7.17319e-05,0.545756426,0.5458281579
"4_8","4","C*","cool",49,"0.25",NA,NA,NA
"4_8","4","C*","cool",56,"0.176",NA,NA,NA
"4_8","4","C*","cool",63,"0.185",NA,NA,NA
"4_9","4","D*","heat",0,"0.431",0.000385698,6.142157467,6.142543165
"4_9","4","D*","heat",7,"0.447",NA,NA,NA
"4_9","4","D*","heat",14,"0.438",NA,NA,NA
"4_9","4","D*","heat",21,"0.376",NA,NA,NA
"4_9","4","D*","heat",28,"0.317",0,0.133279086,0.133279086
"5_10","5","A'","cool",0,"0.558",NA,NA,NA
"5_10","5","A'","cool",7,"0.538",NA,NA,NA
"5_10","5","A'","cool",14,"0.559",NA,NA,NA
"5_10","5","A'","cool",21,"0.535",NA,NA,NA
"5_10","5","A'","cool",28,"0.477",0.037636717,0,0.037636717
"5_10","5","A'","cool",35,"0.457",NA,NA,NA
"5_10","5","A'","cool",42,"0.479",NA,NA,NA
"5_10","5","A'","cool",49,"0.383",NA,NA,NA
"5_10","5","A'","cool",56,"0.309",NA,NA,NA
"5_10","5","A'","cool",63,"0.273",0.011310299,0,0.011310299
"5_12","5","F*","heat",0,"0.557",0.000128739,0.433297562,0.433426301
"5_12","5","F*","heat",7,"0.533",NA,NA,NA
"5_12","5","F*","heat",14,"0.51",NA,NA,NA
"5_12","5","F*","heat",21,"0.472",NA,NA,NA
"5_12","5","F*","heat",28,"0.389",0,0.05134221,0.05134221
"5_12","5","F*","heat",35,"0.254",NA,NA,NA
"5_12","5","F*","heat",42,NA,0,0.003498612,0.003498612
"5_13","5","E*","cool",0,"0.513",0.010862923,0.668442068,0.679304991
"5_13","5","E*","cool",7,"0.456",NA,NA,NA
"5_13","5","E*","cool",14,"0.456",NA,NA,NA
"5_13","5","E*","cool",21,"0.41",NA,NA,NA
"5_13","5","E*","cool",28,"0.35",0.004142407,0.153941674,0.158084081
"5_13","5","E*","cool",35,"0.386",NA,NA,NA
"5_13","5","E*","cool",42,"0.365",0.081018499,0.693367337,0.774385836
"5_13","5","E*","cool",49,"0.274",NA,NA,NA
"5_13","5","E*","cool",56,"0.231",NA,NA,NA
"5_13","5","E*","cool",63,"0.179",0.007405771,2.52764191,2.535047681
"5_15","5","A*","cool",0,"0.481",NA,NA,NA
"5_15","5","A*","cool",7,"0.47",NA,NA,NA
"5_15","5","A*","cool",14,"0.445",NA,NA,NA
"5_15","5","A*","cool",21,"0.442",NA,NA,NA
"5_15","5","A*","cool",28,"0.395",0.001463218,0.781468241,0.782931459
"5_15","5","A*","cool",35,"0.437",NA,NA,NA
"5_15","5","A*","cool",42,"0.402",0.003281684,0.842295397,0.845577081
"5_15","5","A*","cool",49,"0.317",NA,NA,NA
"5_15","5","A*","cool",56,"0.322",NA,NA,NA
"5_15","5","A*","cool",63,"0.208",NA,NA,NA
"5_19","5","E'","cool",0,"0.546",0.121173458,0.004427481,0.125600939
"5_19","5","E'","cool",7,"0.508",NA,NA,NA
"5_19","5","E'","cool",14,"0.501",NA,NA,NA
"5_19","5","E'","cool",21,"0.442",NA,NA,NA
"5_19","5","E'","cool",28,"0.41",0.136658909,0.00968114,0.146340049
"5_19","5","E'","cool",35,"0.449",NA,NA,NA
"5_19","5","E'","cool",42,"0.387",0.288248119,0.004572444,0.292820563
"5_19","5","E'","cool",49,"0.293",NA,NA,NA
"5_19","5","E'","cool",56,"0.152",NA,NA,NA
"5_19","5","E'","cool",63,"0.218",0.006574316,0.004174277,0.010748593
"5_2","5","D*","heat",0,"0.491",3.75503e-05,3.299448467,3.2994860173
"5_2","5","D*","heat",7,"0.502",NA,NA,NA
"5_2","5","D*","heat",14,"0.485",NA,NA,NA
"5_2","5","D*","heat",21,"0.437",NA,NA,NA
"5_2","5","D*","heat",28,"0.304",2.66535e-05,0.078179069,0.0782057225
"5_2","5","D*","heat",35,"0.179",NA,NA,NA
"5_2","5","D*","heat",42,"0.237",0,0.035816318,0.035816318
"5_20","5","B*","heat",0,"0.523",0.00026009,0.657159472,0.657419562
"5_20","5","B*","heat",7,"0.559",NA,NA,NA
"5_20","5","B*","heat",14,"0.507",NA,NA,NA
"5_20","5","B*","heat",21,"0.468",NA,NA,NA
"5_20","5","B*","heat",28,"0.425",1.38062e-05,0.429252753,0.4292665592
"5_20","5","B*","heat",35,"0.346",NA,NA,NA
"5_20","5","B*","heat",42,NA,8.23598e-06,0.003251912,0.00326014798
"5_21","5","A*","cool",0,"0.512",0.004364618,0.103337303,0.107701921
"5_21","5","A*","cool",7,"0.505",NA,NA,NA
"5_21","5","A*","cool",14,"0.486",NA,NA,NA
"5_21","5","A*","cool",21,"0.429",NA,NA,NA
"5_21","5","A*","cool",28,"0.391",0.014741799,0.946245755,0.960987554
"5_21","5","A*","cool",35,"0.448",NA,NA,NA
"5_21","5","A*","cool",42,"0.368",0.01021966,0.583896714,0.594116374
"5_21","5","A*","cool",49,"0.313",NA,NA,NA
"5_21","5","A*","cool",56,"0.253",NA,NA,NA
"5_21","5","A*","cool",63,"0.208",0.000352186,0.092598317,0.092950503
"5_22","5","D'","heat",0,"0.481",0,0.304789383,0.304789383
"5_22","5","D'","heat",7,"0.485",NA,NA,NA
"5_22","5","D'","heat",14,"0.489",NA,NA,NA
"5_22","5","D'","heat",21,"0.415",NA,NA,NA
"5_22","5","D'","heat",28,"0.316",0,0.201076776,0.201076776
"5_22","5","D'","heat",35,"0.201",NA,NA,NA
"5_22","5","D'","heat",42,"0.157",0,0.021728013,0.021728013
"5_26","5","F'","heat",0,"0.531",0.002648767,0.930039247,0.932688014
"5_26","5","F'","heat",7,"0.526",NA,NA,NA
"5_26","5","F'","heat",14,"0.516",NA,NA,NA
"5_26","5","F'","heat",21,"0.475",NA,NA,NA
"5_26","5","F'","heat",28,"0.427",1.91699e-05,0.178519451,0.1785386209
"5_26","5","F'","heat",35,"0.262",NA,NA,NA
"5_26","5","F'","heat",42,NA,4.86266e-06,0.000828518,0.00083338066
"5_27","5","E*","cool",0,"0.491",0.002143392,5.132282964,5.134426356
"5_27","5","E*","cool",7,"0.467",NA,NA,NA
"5_27","5","E*","cool",14,"0.443",NA,NA,NA
"5_27","5","E*","cool",21,"0.363",NA,NA,NA
"5_27","5","E*","cool",28,"0.36",0.001748625,1.380125609,1.381874234
"5_27","5","E*","cool",35,"0.382",NA,NA,NA
"5_27","5","E*","cool",42,"0.31",NA,NA,NA
"5_27","5","E*","cool",49,"0.306",NA,NA,NA
"5_27","5","E*","cool",56,"0.264",NA,NA,NA
"5_27","5","E*","cool",63,"0.15",NA,NA,NA
"5_3","5","C'","cool",0,"0.504",NA,NA,NA
"5_3","5","C'","cool",14,"0.48",NA,NA,NA
"5_3","5","C'","cool",21,"0.373",NA,NA,NA
"5_3","5","C'","cool",28,"0.357",NA,NA,NA
"5_3","5","C'","cool",35,"0.372",NA,NA,NA
"5_3","5","C'","cool",42,"0.327",0.006461144,0.355772332,0.362233476
"5_3","5","C'","cool",49,"0.256",NA,NA,NA
"5_3","5","C'","cool",56,"0.18",NA,NA,NA
"5_31","5","B*","heat",0,"0.527",0.000102419,0.363464451,0.36356687
"5_31","5","B*","heat",7,"0.529",NA,NA,NA
"5_31","5","B*","heat",14,"0.533",NA,NA,NA
"5_31","5","B*","heat",21,"0.433",NA,NA,NA
"5_31","5","B*","heat",28,"0.363",0,0.040574718,0.040574718
"5_31","5","B*","heat",35,"0.185",NA,NA,NA
"5_31","5","B*","heat",42,"0.222",0,0.098809004,0.098809004
"5_4","5","C'","cool",0,"0.505",0.000214468,0.11879294,0.119007408
"5_4","5","C'","cool",7,"0.468",NA,NA,NA
"5_4","5","C'","cool",14,"0.43",NA,NA,NA
"5_4","5","C'","cool",21,"0.382",NA,NA,NA
"5_4","5","C'","cool",28,"0.357",0.018788328,0.001671563,0.020459891
"5_4","5","C'","cool",35,"0.366",NA,NA,NA
"5_4","5","C'","cool",42,"0.32",NA,NA,NA
"5_4","5","C'","cool",49,"0.292",NA,NA,NA
"5_4","5","C'","cool",56,"0.214",NA,NA,NA
"5_4","5","C'","cool",63,"0.147",NA,NA,NA
"5_5","5","B'","heat",0,"0.528",0.060350375,0.362713923,0.423064298
"5_5","5","B'","heat",7,"0.552",NA,NA,NA
"5_5","5","B'","heat",14,"0.478",NA,NA,NA
"5_5","5","B'","heat",21,"0.433",NA,NA,NA
"5_5","5","B'","heat",28,"0.298",8.14166e-06,0.136967475,0.13697561666
"5_5","5","B'","heat",35,"0.341",NA,NA,NA
"5_5","5","B'","heat",42,NA,0,0.001587067,0.001587067
"5_9","5","C*","cool",0,"0.482",NA,NA,NA
"5_9","5","C*","cool",7,"0.44",NA,NA,NA
"5_9","5","C*","cool",14,"0.438",NA,NA,NA
"5_9","5","C*","cool",21,"0.359",NA,NA,NA
"5_9","5","C*","cool",28,"0.331",0,2.379862174,2.379862174
"5_9","5","C*","cool",35,"0.375",NA,NA,NA
"5_9","5","C*","cool",42,"0.279",4.03954e-05,0.166434729,0.1664751244
"5_9","5","C*","cool",49,"0.253",NA,NA,NA
"5_9","5","C*","cool",56,"0.205",NA,NA,NA
"5_9","5","C*","cool",63,"0.186",1.17427e-05,0.037340183,0.0373519257
"6_11","6","24A'","heat",0,"0.55",0.006004203,0,0.006004203
"6_11","6","24A'","heat",7,"0.491",NA,NA,NA
"6_11","6","24A'","heat",14,"0.446",NA,NA,NA
"6_11","6","24A'","heat",21,"0.368",NA,NA,NA
"6_11","6","24A'","heat",28,"0.305",1.75861e-05,0.000189225,0.0002068111
"6_11","6","24A'","heat",35,"0.236",NA,NA,NA
"6_11","6","24A'","heat",42,"0",NA,NA,NA
"6_12","6","B'","heat",0,"0.487",0.017424645,0.004002002,0.021426647
"6_12","6","B'","heat",7,"0.531",NA,NA,NA
"6_12","6","B'","heat",14,"0.429",NA,NA,NA
"6_12","6","B'","heat",21,"0.359",NA,NA,NA
"6_12","6","B'","heat",28,"0.299",7.58228e-06,0.000538608,0.00054619028
"6_12","6","B'","heat",35,"0.246",NA,NA,NA
"6_12","6","B'","heat",42,"0.085",0,0.000762305,0.000762305
"6_13","6","F*","heat",0,"0.52",0.000377294,1.84510989,1.845487184
"6_13","6","F*","heat",7,"0.54",NA,NA,NA
"6_13","6","F*","heat",14,"0.501",NA,NA,NA
"6_13","6","F*","heat",21,"0.465",NA,NA,NA
"6_13","6","F*","heat",28,"0.381",8.33276e-06,0.200786425,0.20079475776
"6_13","6","F*","heat",35,"0.165",NA,NA,NA
"6_13","6","F*","heat",42,"0.149",5.64372e-06,0.007139202,0.00714484572
"6_14","6","B*","heat",0,"0.555",0.000283647,0.33113021,0.331413857
"6_14","6","B*","heat",7,"0.559",NA,NA,NA
"6_14","6","B*","heat",14,"0.524",NA,NA,NA
"6_14","6","B*","heat",21,"0.453",NA,NA,NA
"6_14","6","B*","heat",28,"0.431",0.000105481,0.894799589,0.89490507
"6_14","6","B*","heat",35,"0.151",NA,NA,NA
"6_14","6","B*","heat",42,NA,8.9796e-06,0.01898092,0.0189898996
"6_16","6","C'","cool",0,"0.492",3.25978e-05,0.037058431,0.0370910288
"6_16","6","C'","cool",7,"0.447",NA,NA,NA
"6_16","6","C'","cool",14,"0.431",NA,NA,NA
"6_16","6","C'","cool",21,"0.336",NA,NA,NA
"6_16","6","C'","cool",28,"0.343",0.000685226,0.16141447,0.162099696
"6_16","6","C'","cool",35,"0.349",NA,NA,NA
"6_16","6","C'","cool",42,"0.311",0.006983099,2.181979736,2.188962835
"6_16","6","C'","cool",49,"0.265",NA,NA,NA
"6_16","6","C'","cool",56,"0.23",NA,NA,NA
"6_16","6","C'","cool",63,"0.127",NA,NA,NA
"6_20","6","E'","cool",0,"0.527",0.010989934,0.124597473,0.135587407
"6_20","6","E'","cool",7,"0.475",NA,NA,NA
"6_20","6","E'","cool",14,"0.477",NA,NA,NA
"6_20","6","E'","cool",21,"0.381",NA,NA,NA
"6_20","6","E'","cool",28,"0.371",0.087051089,0.402618772,0.489669861
"6_20","6","E'","cool",35,"0.38",NA,NA,NA
"6_20","6","E'","cool",42,"0.351",0.059967418,0.197236798,0.257204216
"6_20","6","E'","cool",49,"0.275",NA,NA,NA
"6_20","6","E'","cool",56,"0.179",NA,NA,NA
"6_20","6","E'","cool",63,"0.153",0.002406255,0.039583557,0.041989812
"6_22","6","B'","heat",0,"0.519",0.071979667,0.000106877,0.072086544
"6_22","6","B'","heat",7,"0.517",NA,NA,NA
"6_22","6","B'","heat",14,"0.447",NA,NA,NA
"6_22","6","B'","heat",21,"0.27",NA,NA,NA
"6_22","6","B'","heat",28,"0.402",3.89056e-06,0.000750429,0.00075431956
"6_22","6","B'","heat",35,"0.269",NA,NA,NA
"6_22","6","B'","heat",42,"0",0,0,0
"6_24","6","24A'","heat",0,NA,0.206200141,0,0.206200141
"6_24","6","24A'","heat",7,"0.498",NA,NA,NA
"6_24","6","24A'","heat",14,"0.449",NA,NA,NA
"6_24","6","24A'","heat",21,"0.362",NA,NA,NA
"6_24","6","24A'","heat",28,"0.387",3.78584e-05,0,3.78584e-05
"6_24","6","24A'","heat",35,"0.335",NA,NA,NA
"6_24","6","24A'","heat",42,"0",0,0,0
"6_25","6","B*","heat",0,"0.522",0.000207724,0.113592922,0.113800646
"6_25","6","B*","heat",7,"0.525",NA,NA,NA
"6_25","6","B*","heat",14,"0.517",NA,NA,NA
"6_25","6","B*","heat",21,"0.359",NA,NA,NA
"6_25","6","B*","heat",28,"0.424",5.86117e-05,0.097162791,0.0972214027
"6_25","6","B*","heat",35,"0.141",NA,NA,NA
"6_25","6","B*","heat",42,"0.172",0.00090699,0.343170756,0.344077746
"6_26","6","D*","heat",0,"0.505",3.08146e-05,1.080625511,1.0806563256
"6_26","6","D*","heat",7,"0.552",NA,NA,NA
"6_26","6","D*","heat",14,"0.486",NA,NA,NA
"6_26","6","D*","heat",21,"0.446",NA,NA,NA
"6_26","6","D*","heat",28,"0.337",1.64072e-05,0.427232104,0.4272485112
"6_26","6","D*","heat",35,"0.325",NA,NA,NA
"6_26","6","D*","heat",42,"0.255",1.42274e-05,0.009064864,0.0090790914
"6_27","6","A*","cool",0,"0.494",0.009337336,1.146207776,1.155545112
"6_27","6","A*","cool",7,"0.473",NA,NA,NA
"6_27","6","A*","cool",14,"0.459",NA,NA,NA
"6_27","6","A*","cool",21,"0.438",NA,NA,NA
"6_27","6","A*","cool",28,"0.393",0.007202332,0.401444125,0.408646457
"6_27","6","A*","cool",35,"0.427",NA,NA,NA
"6_27","6","A*","cool",42,"0.386",0.012061223,0.626826964,0.638888187
"6_27","6","A*","cool",49,"0.285",NA,NA,NA
"6_27","6","A*","cool",56,"0.275",NA,NA,NA
"6_27","6","A*","cool",63,"0.172",0.041152533,7.181782329,7.222934862
"6_28","6","D*","heat",0,"0.511",6.82012e-06,0.567328184,0.56733500412
"6_28","6","D*","heat",7,"0.515",NA,NA,NA
"6_28","6","D*","heat",14,"0.517",NA,NA,NA
"6_28","6","D*","heat",21,"0.48",NA,NA,NA
"6_28","6","D*","heat",28,"0.381",5.48922e-06,0.025382845,0.02538833422
"6_28","6","D*","heat",35,"0.145",NA,NA,NA
"6_28","6","D*","heat",42,"0.17",0,0.040275535,0.040275535
"6_30","6","D'","heat",0,"0.511",4.56811e-05,0.336323828,0.3363695091
"6_30","6","D'","heat",7,"0.526",NA,NA,NA
"6_30","6","D'","heat",14,"0.541",NA,NA,NA
"6_30","6","D'","heat",21,"0.457",NA,NA,NA
"6_30","6","D'","heat",28,"0.359",0,0.200788283,0.200788283
"6_30","6","D'","heat",35,"0.159",NA,NA,NA
"6_30","6","D'","heat",42,"0.144",0,0.148601931,0.148601931
"6_31","6","A'","cool",0,"0.542",NA,NA,NA
"6_31","6","A'","cool",7,"0.515",NA,NA,NA
"6_31","6","A'","cool",14,"0.547",NA,NA,NA
"6_31","6","A'","cool",21,"0.513",NA,NA,NA
"6_31","6","A'","cool",28,"0.449",0.03586873,0,0.03586873
"6_31","6","A'","cool",35,"0.421",NA,NA,NA
"6_31","6","A'","cool",42,"0.419",0.06950139,0,0.06950139
"6_31","6","A'","cool",49,"0.361",NA,NA,NA
"6_31","6","A'","cool",56,"0.282",NA,NA,NA
"6_31","6","A'","cool",63,"0.24",0.000670758,0,0.000670758
"6_34","6","F'","heat",0,"0.576",0.000867022,0.422880358,0.42374738
"6_34","6","F'","heat",7,"0.56",NA,NA,NA
"6_34","6","F'","heat",14,"0.532",NA,NA,NA
"6_34","6","F'","heat",21,"0.477",NA,NA,NA
"6_34","6","F'","heat",28,"0.406",7.77238e-06,0.291672128,0.29167990038
"6_34","6","F'","heat",35,"0.234",NA,NA,NA
"6_34","6","F'","heat",42,"0.159",NA,NA,NA
"6_35","6","E'","cool",0,"0.524",0.140249626,2.287736328,2.427985954
"6_35","6","E'","cool",7,"0.47",NA,NA,NA
"6_35","6","E'","cool",14,"0.47",NA,NA,NA
"6_35","6","E'","cool",21,"0.44",NA,NA,NA
"6_35","6","E'","cool",28,"0.383",0.054044213,0.492629011,0.546673224
"6_35","6","E'","cool",35,"0.365",NA,NA,NA
"6_35","6","E'","cool",42,"0.356",0.011144375,0.10162102,0.112765395
"6_35","6","E'","cool",49,"0.292",NA,NA,NA
"6_35","6","E'","cool",56,"0.213",NA,NA,NA
"6_35","6","E'","cool",63,"0.202",NA,NA,NA
"6_37","6","D'","heat",0,"0.494",0,0.097600719,0.097600719
"6_37","6","D'","heat",7,"0.505",NA,NA,NA
"6_37","6","D'","heat",14,"0.502",NA,NA,NA
"6_37","6","D'","heat",21,"0.436",NA,NA,NA
"6_37","6","D'","heat",28,"0.399",3.20999e-05,0.030859325,0.0308914249
"6_37","6","D'","heat",35,"0.208",NA,NA,NA
"6_37","6","D'","heat",42,"0.237",0,0.068204673,0.068204673
"6_38","6","C*","cool",0,"0.505",0.000314049,2.556898008,2.557212057
"6_38","6","C*","cool",7,"0.454",NA,NA,NA
"6_38","6","C*","cool",14,"0.45",NA,NA,NA
"6_38","6","C*","cool",21,"0.373",NA,NA,NA
"6_38","6","C*","cool",28,"0.372",3.03944e-06,0.19325171,0.19325474944
"6_38","6","C*","cool",35,"0.39",NA,NA,NA
"6_38","6","C*","cool",42,"0.335",5.56459e-05,0.330758745,0.3308143909
"6_38","6","C*","cool",49,"0.266",NA,NA,NA
"6_38","6","C*","cool",56,"0.205",NA,NA,NA
"6_38","6","C*","cool",63,"0.189",1.42704e-05,0.087536433,0.0875507034
"6_6","6","F'","heat",0,"0.519",0.00174387,0.279885977,0.281629847
"6_6","6","F'","heat",7,"0.526",NA,NA,NA
"6_6","6","F'","heat",14,"0.496",NA,NA,NA
"6_6","6","F'","heat",21,"0.453",NA,NA,NA
"6_6","6","F'","heat",28,"0.41",0,0.256552932,0.256552932
"6_6","6","F'","heat",35,"0.146",NA,NA,NA
"6_6","6","F'","heat",42,"0",0,0.007093234,0.007093234
"6_8","6","24A'","heat",0,NA,0.053704964,0,0.053704964
"6_8","6","24A'","heat",7,"0.507",NA,NA,NA
"6_8","6","24A'","heat",14,"0.493",NA,NA,NA
"6_8","6","24A'","heat",21,"0.362",NA,NA,NA
"6_8","6","24A'","heat",28,"0.325",NA,NA,NA
"6_8","6","24A'","heat",35,"0.225",NA,NA,NA
"6_8","6","24A'","heat",42,"0.128",0,0,0
"7_10","7","C*","cool",0,"0.509",1.05168e-05,0.091612779,0.0916232958
"7_10","7","C*","cool",7,"0.47",NA,NA,NA
"7_10","7","C*","cool",14,"0.455",NA,NA,NA
"7_10","7","C*","cool",21,"0.364",NA,NA,NA
"7_10","7","C*","cool",28,"0.376",0.001403244,0.699685769,0.701089013
"7_10","7","C*","cool",35,"0.392",NA,NA,NA
"7_10","7","C*","cool",42,"0.33",0.000620817,0.467271501,0.467892318
"7_10","7","C*","cool",49,"0.313",NA,NA,NA
"7_10","7","C*","cool",56,"0.238",NA,NA,NA
"7_10","7","C*","cool",63,"0.161",NA,NA,NA
"7_13","7","F'","heat",0,"0.506",0.003800684,0.672188938,0.675989622
"7_13","7","F'","heat",7,"0.531",NA,NA,NA
"7_13","7","F'","heat",14,"0.521",NA,NA,NA
"7_13","7","F'","heat",21,"0.486",NA,NA,NA
"7_13","7","F'","heat",28,"0.359",2.98953e-05,0.490020679,0.4900505743
"7_13","7","F'","heat",35,"0.138",NA,NA,NA
"7_13","7","F'","heat",42,"0.25",0,0.737274528,0.737274528
"7_16","7","D*","heat",0,"0.565",NA,NA,NA
"7_16","7","D*","heat",7,"0.549",NA,NA,NA
"7_16","7","D*","heat",14,"0.507",NA,NA,NA
"7_16","7","D*","heat",21,"0.485",NA,NA,NA
"7_16","7","D*","heat",28,"0.413",0,2.420402986,2.420402986
"7_16","7","D*","heat",35,"0.194",NA,NA,NA
"7_16","7","D*","heat",42,"0.093",NA,NA,NA
"7_17","7","B'","heat",0,"0.539",NA,NA,NA
"7_17","7","B'","heat",7,"0.525",NA,NA,NA
"7_17","7","B'","heat",14,"0.482",NA,NA,NA
"7_17","7","B'","heat",21,"0.492",NA,NA,NA
"7_17","7","B'","heat",28,"0.304",6.49372e-06,0.039920037,0.03992653072
"7_17","7","B'","heat",35,"0.228",NA,NA,NA
"7_17","7","B'","heat",42,"0.112",0,0.10839079,0.10839079
"7_18","7","D'","heat",0,"0.546",NA,NA,NA
"7_18","7","D'","heat",7,"0.549",NA,NA,NA
"7_18","7","D'","heat",14,"0.514",NA,NA,NA
"7_18","7","D'","heat",21,"0.485",NA,NA,NA
"7_18","7","D'","heat",28,"0.441",0,1.556385562,1.556385562
"7_18","7","D'","heat",35,"0.128",NA,NA,NA
"7_18","7","D'","heat",42,"0",0,0.004555907,0.004555907
"7_19","7","A*","cool",0,"0.515",0.006950796,0.142573903,0.149524699
"7_19","7","A*","cool",7,"0.496",NA,NA,NA
"7_19","7","A*","cool",14,"0.501",NA,NA,NA
"7_19","7","A*","cool",21,"0.471",NA,NA,NA
"7_19","7","A*","cool",28,"0.434",0.009273744,0.125353549,0.134627293
"7_19","7","A*","cool",35,"0.408",NA,NA,NA
"7_19","7","A*","cool",42,"0.302",0.00563735,0.090866894,0.096504244
"7_19","7","A*","cool",49,"0.317",NA,NA,NA
"7_19","7","A*","cool",56,"0.264",NA,NA,NA
"7_19","7","A*","cool",63,"0.144",0.016564219,0.545712054,0.562276273
"7_2","7","C'","cool",0,"0.515",0.036607201,0.220575754,0.257182955
"7_2","7","C'","cool",7,"0.496",NA,NA,NA
"7_2","7","C'","cool",14,"0.486",NA,NA,NA
"7_2","7","C'","cool",21,"0.414",NA,NA,NA
"7_2","7","C'","cool",28,"0.388",0.069128647,0.051082455,0.120211102
"7_2","7","C'","cool",35,"0.42",NA,NA,NA
"7_2","7","C'","cool",42,"0.405",0.025058452,0.020699031,0.045757483
"7_2","7","C'","cool",49,"0.307",NA,NA,NA
"7_2","7","C'","cool",56,"0.213",NA,NA,NA
"7_2","7","C'","cool",63,"0.113",0.010176166,0.418321225,0.428497391
"7_22","7","C'","cool",0,"0.516",0.034472481,1.171464424,1.205936905
"7_22","7","C'","cool",7,"0.481",NA,NA,NA
"7_22","7","C'","cool",14,"0.496",NA,NA,NA
"7_22","7","C'","cool",21,"0.403",NA,NA,NA
"7_22","7","C'","cool",28,"0.376",0.026464255,0.188136173,0.214600428
"7_22","7","C'","cool",35,"0.417",NA,NA,NA
"7_22","7","C'","cool",42,"0.366",0.051452975,0.271921522,0.323374497
"7_22","7","C'","cool",49,"0.291",NA,NA,NA
"7_22","7","C'","cool",56,"0.196",NA,NA,NA
"7_22","7","C'","cool",63,"0.144",0.002937165,0.464647824,0.467584989
"7_26","7","F'","heat",0,"0.569",0.001134897,0.079042243,0.08017714
"7_26","7","F'","heat",7,"0.554",NA,NA,NA
"7_26","7","F'","heat",14,"0.505",NA,NA,NA
"7_26","7","F'","heat",21,"0.462",NA,NA,NA
"7_26","7","F'","heat",28,"0.319",7.47283e-05,0.873751351,0.8738260793
"7_26","7","F'","heat",35,"0.109",NA,NA,NA
"7_26","7","F'","heat",42,"0.07",0,0.017474682,0.017474682
"7_28","7","E'","cool",0,"0.558",0.07296664,0.00056452,0.07353116
"7_28","7","E'","cool",7,"0.521",NA,NA,NA
"7_28","7","E'","cool",14,"0.542",NA,NA,NA
"7_28","7","E'","cool",21,"0.488",NA,NA,NA
"7_28","7","E'","cool",28,"0.417",0.03232035,0.000200694,0.032521044
"7_28","7","E'","cool",35,"0.469",NA,NA,NA
"7_28","7","E'","cool",42,"0.433",0.082923314,0,0.082923314
"7_28","7","E'","cool",49,"0.33",NA,NA,NA
"7_28","7","E'","cool",56,"0.31",NA,NA,NA
"7_28","7","E'","cool",63,"0.271",NA,NA,NA
"7_29","7","B*","heat",0,"0.519",0.000225333,0.143878934,0.144104267
"7_29","7","B*","heat",7,"0.529",NA,NA,NA
"7_29","7","B*","heat",14,"0.524",NA,NA,NA
"7_29","7","B*","heat",21,"0.491",NA,NA,NA
"7_29","7","B*","heat",28,"0.382",0,0.26465529,0.26465529
"7_29","7","B*","heat",35,"0.118",NA,NA,NA
"7_29","7","B*","heat",42,"0.241",0,0.188562356,0.188562356
"7_31","7","C'","cool",0,"0.519",NA,NA,NA
"7_31","7","C'","cool",7,"0.49",NA,NA,NA
"7_31","7","C'","cool",14,"0.494",NA,NA,NA
"7_31","7","C'","cool",21,"0.48",NA,NA,NA
"7_31","7","C'","cool",28,"0.405",0.046740254,0.064610109,0.111350363
"7_31","7","C'","cool",35,"0.469",NA,NA,NA
"7_31","7","C'","cool",42,"0.425",0.014043796,0.018377032,0.032420828
"7_31","7","C'","cool",49,"0.325",NA,NA,NA
"7_31","7","C'","cool",56,"0.282",NA,NA,NA
"7_31","7","C'","cool",63,"0.255",NA,NA,NA
"7_35","7","F*","heat",0,"0.531",6.18069e-05,0.314689179,0.3147509859
"7_35","7","F*","heat",7,"0.534",NA,NA,NA
"7_35","7","F*","heat",14,"0.547",NA,NA,NA
"7_35","7","F*","heat",21,"0.444",NA,NA,NA
"7_35","7","F*","heat",28,"0.291",0,1.10823484,1.10823484
"7_35","7","F*","heat",35,"0.13",NA,NA,NA
"7_35","7","F*","heat",42,"0",1.44588e-05,0.025849273,0.0258637318
"7_4","7","D*","heat",0,"0.535",0,0.677760842,0.677760842
"7_4","7","D*","heat",7,"0.557",NA,NA,NA
"7_4","7","D*","heat",14,"0.49",NA,NA,NA
"7_4","7","D*","heat",21,"0.479",NA,NA,NA
"7_4","7","D*","heat",28,"0.34",0,0.283144783,0.283144783
"7_4","7","D*","heat",35,"0.225",NA,NA,NA
"7_4","7","D*","heat",42,"0.183",0,0.01974702,0.01974702
"7_5","7","A'","cool",0,"0.546",NA,NA,NA
"7_5","7","A'","cool",7,"0.539",NA,NA,NA
"7_5","7","A'","cool",14,"0.525",NA,NA,NA
"7_5","7","A'","cool",21,"0.474",NA,NA,NA
"7_5","7","A'","cool",28,"0.424",NA,NA,NA
"7_5","7","A'","cool",35,"0.444",NA,NA,NA
"7_5","7","A'","cool",42,"0.449",0.018397477,0,0.018397477
"7_5","7","A'","cool",49,"0.341",NA,NA,NA
"7_5","7","A'","cool",56,"0.296",NA,NA,NA
"7_5","7","A'","cool",63,"0.282",0.032445599,0,0.032445599
"7_6","7","F*","heat",0,"0.526",NA,NA,NA
"7_6","7","F*","heat",7,"0.551",NA,NA,NA
"7_6","7","F*","heat",14,"0.496",NA,NA,NA
"7_6","7","F*","heat",21,"0.492",NA,NA,NA
"7_6","7","F*","heat",28,"0.378",0,0.93685631,0.93685631
"7_6","7","F*","heat",35,"0.18",NA,NA,NA
"7_6","7","F*","heat",42,"0.125",0,0.022779369,0.022779369
"8_10","8","C'","cool",0,"0.496",NA,NA,NA
"8_10","8","C'","cool",7,"0.475",NA,NA,NA
"8_10","8","C'","cool",14,"0.458",NA,NA,NA
"8_10","8","C'","cool",21,"0.437",NA,NA,NA
"8_10","8","C'","cool",28,"0.384",0.014900278,0.654596705,0.669496983
"8_10","8","C'","cool",35,"0.423",NA,NA,NA
"8_10","8","C'","cool",42,"0.367",0.086068759,2.480558233,2.566626992
"8_10","8","C'","cool",49,"0.273",NA,NA,NA
"8_10","8","C'","cool",56,"0.248",NA,NA,NA
"8_10","8","C'","cool",63,"0.123",0.059710149,12.26527117,12.324981319
"8_11","8","B*","heat",0,"0.526",NA,NA,NA
"8_11","8","B*","heat",7,"0.524",NA,NA,NA
"8_11","8","B*","heat",14,"0.493",NA,NA,NA
"8_11","8","B*","heat",21,"0.461",NA,NA,NA
"8_11","8","B*","heat",28,"0.405",NA,NA,NA
"8_11","8","B*","heat",35,"0.164",NA,NA,NA
"8_11","8","B*","heat",42,"0.108",1.78723e-05,0.03334575,0.0333636223
"8_13","8","D'","heat",0,"0.516",0.000451304,0.188617333,0.189068637
"8_13","8","D'","heat",7,"0.532",NA,NA,NA
"8_13","8","D'","heat",14,"0.489",NA,NA,NA
"8_13","8","D'","heat",21,"0.451",NA,NA,NA
"8_13","8","D'","heat",28,"0.417",3.25938e-05,1.752446851,1.7524794448
"8_13","8","D'","heat",35,"0.145",NA,NA,NA
"8_13","8","D'","heat",42,"0",6.24894e-06,0.011856026,0.01186227494
"8_14","8","F'","heat",0,"0.498",0.08506883,7.514887923,7.599956753
"8_14","8","F'","heat",7,"0.513",NA,NA,NA
"8_14","8","F'","heat",14,"0.511",NA,NA,NA
"8_14","8","F'","heat",21,"0.47",NA,NA,NA
"8_14","8","F'","heat",28,"0.354",0,4.117949333,4.117949333
"8_14","8","F'","heat",35,"0.109",NA,NA,NA
"8_14","8","F'","heat",42,"0.176",NA,NA,NA
"8_16","8","F*","heat",0,"0.53",0.000711614,2.75027944,2.750991054
"8_16","8","F*","heat",7,"0.512",NA,NA,NA
"8_16","8","F*","heat",14,"0.517",NA,NA,NA
"8_16","8","F*","heat",21,"0.446",NA,NA,NA
"8_16","8","F*","heat",28,"0.283",NA,NA,NA
"8_16","8","F*","heat",35,"0.2",NA,NA,NA
"8_16","8","F*","heat",42,"0.274",1.24961e-05,0.030959422,0.0309719181
"8_19","8","A'","cool",0,"0.541",0.378175975,0,0.378175975
"8_19","8","A'","cool",7,"0.533",NA,NA,NA
"8_19","8","A'","cool",14,"0.52",NA,NA,NA
"8_19","8","A'","cool",21,"0.468",NA,NA,NA
"8_19","8","A'","cool",28,"0.437",0.081239451,0,0.081239451
"8_19","8","A'","cool",35,"0.444",NA,NA,NA
"8_19","8","A'","cool",42,"0.461",0.324327738,0,0.324327738
"8_19","8","A'","cool",49,"0.346",NA,NA,NA
"8_19","8","A'","cool",56,"0.19",NA,NA,NA
"8_19","8","A'","cool",63,"0.153",0.021695521,0,0.021695521
"8_20","8","24A'","heat",0,"0.553",0.474973946,0,0.474973946
"8_20","8","24A'","heat",7,"0.508",NA,NA,NA
"8_20","8","24A'","heat",14,"0.463",NA,NA,NA
"8_20","8","24A'","heat",21,"0.365",NA,NA,NA
"8_20","8","24A'","heat",28,NA,0.000395235,0,0.000395235
"8_20","8","24A'","heat",35,"0.28",NA,NA,NA
"8_20","8","24A'","heat",42,"0",2.27389e-05,0,2.27389e-05
"8_22","8","C*","cool",0,"0.494",0.000227093,0.154755668,0.154982761
"8_22","8","C*","cool",7,"0.466",NA,NA,NA
"8_22","8","C*","cool",14,"0.46",NA,NA,NA
"8_22","8","C*","cool",21,"0.383",NA,NA,NA
"8_22","8","C*","cool",28,"0.377",0.001007346,0.752005639,0.753012985
"8_22","8","C*","cool",35,"0.384",NA,NA,NA
"8_22","8","C*","cool",42,"0.315",0.001929319,1.426247983,1.428177302
"8_22","8","C*","cool",49,"0.297",NA,NA,NA
"8_22","8","C*","cool",56,"0.235",NA,NA,NA
"8_22","8","C*","cool",63,"0.159",NA,NA,NA
"8_24","8","24A'","heat",0,"0.543",0.032166973,0,0.032166973
"8_24","8","24A'","heat",7,"0.5",NA,NA,NA
"8_24","8","24A'","heat",14,"0.433",NA,NA,NA
"8_24","8","24A'","heat",21,"0.314",NA,NA,NA
"8_24","8","24A'","heat",28,"0.346",0.000254672,0,0.000254672
"8_24","8","24A'","heat",35,"0.25",NA,NA,NA
"8_24","8","24A'","heat",42,"0.212",0,0,0
"8_25","8","A*","cool",0,"0.535",NA,NA,NA
"8_25","8","A*","cool",7,"0.533",NA,NA,NA
"8_25","8","A*","cool",14,"0.544",NA,NA,NA
"8_25","8","A*","cool",21,"0.518",NA,NA,NA
"8_25","8","A*","cool",28,"0.482",0.071625254,0.102498332,0.174123586
"8_25","8","A*","cool",35,"0.448",NA,NA,NA
"8_25","8","A*","cool",42,"0.439",0.032300167,0.042741969,0.075042136
"8_25","8","A*","cool",49,"0.35",NA,NA,NA
"8_25","8","A*","cool",56,"0.244",NA,NA,NA
"8_25","8","A*","cool",63,"0.154",NA,NA,NA
"8_26","8","24A'","heat",0,"0.546",0.127234776,0,0.127234776
"8_26","8","24A'","heat",7,"0.499",NA,NA,NA
"8_26","8","24A'","heat",14,"0.453",NA,NA,NA
"8_26","8","24A'","heat",21,"0.293",NA,NA,NA
"8_26","8","24A'","heat",28,"0.439",1.08278e-05,0,1.08278e-05
"8_26","8","24A'","heat",35,"0.281",NA,NA,NA
"8_26","8","24A'","heat",42,"0",NA,NA,NA
"8_28","8","A*","cool",0,"0.491",0.008177545,0.13154533,0.139722875
"8_28","8","A*","cool",7,"0.498",NA,NA,NA
"8_28","8","A*","cool",14,"0.473",NA,NA,NA
"8_28","8","A*","cool",21,"0.435",NA,NA,NA
"8_28","8","A*","cool",28,"0.41",0.013910371,0.154854725,0.168765096
"8_28","8","A*","cool",35,"0.455",NA,NA,NA
"8_28","8","A*","cool",42,"0.372",0.034542579,0.098820435,0.133363014
"8_28","8","A*","cool",49,"0.316",NA,NA,NA
"8_28","8","A*","cool",56,"0.2",NA,NA,NA
"8_28","8","A*","cool",63,"0.173",0.107284186,2.274394751,2.381678937
"8_29","8","B'","heat",0,"0.558",0.324469482,0.001281421,0.325750903
"8_29","8","B'","heat",7,"0.522",NA,NA,NA
"8_29","8","B'","heat",14,"0.503",NA,NA,NA
"8_29","8","B'","heat",21,"0.438",NA,NA,NA
"8_29","8","B'","heat",28,"0.348",3.27629e-05,0.007117202,0.0071499649
"8_29","8","B'","heat",35,"0.299",NA,NA,NA
"8_29","8","B'","heat",42,"0",0,0,0
"8_30","8","24A'","heat",0,"0.54",0.150596136,0,0.150596136
"8_30","8","24A'","heat",7,"0.505",NA,NA,NA
"8_30","8","24A'","heat",14,"0.435",NA,NA,NA
"8_30","8","24A'","heat",21,"0.422",NA,NA,NA
"8_30","8","24A'","heat",28,"0.245",1.5484e-05,0,1.5484e-05
"8_30","8","24A'","heat",35,"0.246",NA,NA,NA
"8_30","8","24A'","heat",42,"0.119",0,0,0
"8_31","8","D*","heat",0,"0.509",NA,NA,NA
"8_31","8","D*","heat",7,"0.519",NA,NA,NA
"8_31","8","D*","heat",14,"0.483",NA,NA,NA
"8_31","8","D*","heat",21,"0.441",NA,NA,NA
"8_31","8","D*","heat",28,"0.327",8.26954e-06,2.06188394,2.06189220954
"8_31","8","D*","heat",35,"0.177",NA,NA,NA
"8_31","8","D*","heat",42,"0",1.03406e-05,0.010853383,0.0108637236
"8_4","8","24A'","heat",0,"0.54",1.337923016,0,1.337923016
"8_4","8","24A'","heat",7,"0.502",NA,NA,NA
"8_4","8","24A'","heat",14,"0.452",NA,NA,NA
"8_4","8","24A'","heat",21,"0.359",NA,NA,NA
"8_4","8","24A'","heat",28,NA,0.000592743,0.000480767,0.00107351
"8_4","8","24A'","heat",35,"0.324",NA,NA,NA
"8_4","8","24A'","heat",42,"0",NA,NA,NA
"8_5","8","B'","heat",0,"0.527",0.039617407,0.003139798,0.042757205
"8_5","8","B'","heat",7,"0.554",NA,NA,NA
"8_5","8","B'","heat",14,"0.533",NA,NA,NA
"8_5","8","B'","heat",21,"0.408",NA,NA,NA
"8_5","8","B'","heat",28,"0.384",0,0.000573786,0.000573786
"8_5","8","B'","heat",35,"0.357",NA,NA,NA
"8_5","8","B'","heat",42,"0",0,0,0
"8_7","8","B*","heat",0,"0.496",0.000520806,0.345987689,0.346508495
"8_7","8","B*","heat",7,"0.514",NA,NA,NA
"8_7","8","B*","heat",14,"0.507",NA,NA,NA
"8_7","8","B*","heat",21,"0.452",NA,NA,NA
"8_7","8","B*","heat",28,"0.366",0,0.256652501,0.256652501
"8_7","8","B*","heat",35,"0.104",NA,NA,NA
"8_7","8","B*","heat",42,"0",0,2.182359112,2.182359112
"8_8","8","E'","cool",0,"0.556",0.231136005,0.005750906,0.236886911
"8_8","8","E'","cool",7,"0.519",NA,NA,NA
"8_8","8","E'","cool",14,"0.545",NA,NA,NA
"8_8","8","E'","cool",21,"0.514",NA,NA,NA
"8_8","8","E'","cool",28,"0.471",0.445801509,0.005349517,0.451151026
"8_8","8","E'","cool",35,"0.487",NA,NA,NA
"8_8","8","E'","cool",42,"0.453",0.064467152,0.000828959,0.065296111
"8_8","8","E'","cool",49,"0.346",NA,NA,NA
"8_8","8","E'","cool",56,"0.198",NA,NA,NA
"8_8","8","E'","cool",63,"0.214",0.055986898,0.004009358,0.059996256
"8_9","8","F*","heat",0,"0.497",0.003144732,0.748971492,0.752116224
"8_9","8","F*","heat",7,"0.519",NA,NA,NA
"8_9","8","F*","heat",14,"0.465",NA,NA,NA
"8_9","8","F*","heat",21,"0.438",NA,NA,NA
"8_9","8","F*","heat",28,"0.322",0,0.680116608,0.680116608
"8_9","8","F*","heat",35,"0.209",NA,NA,NA
"8_9","8","F*","heat",42,"0",0,0.025633342,0.025633342
"9_10","9","B'","heat",0,"0.5",0.364150113,0.042195472,0.406345585
"9_10","9","B'","heat",7,"0.516",NA,NA,NA
"9_10","9","B'","heat",14,"0.474",NA,NA,NA
"9_10","9","B'","heat",21,"0.433",NA,NA,NA
"9_10","9","B'","heat",28,"0.267",NA,NA,NA
"9_10","9","B'","heat",35,"0.278",NA,NA,NA
"9_10","9","B'","heat",42,"0",0,0,0
"9_12","9","A'","cool",0,"0.53",0.07284317,0,0.07284317
"9_12","9","A'","cool",7,"0.522",NA,NA,NA
"9_12","9","A'","cool",14,"0.47",NA,NA,NA
"9_12","9","A'","cool",21,"0.467",NA,NA,NA
"9_12","9","A'","cool",28,"0.434",0.106615035,0,0.106615035
"9_12","9","A'","cool",35,"0.464",NA,NA,NA
"9_12","9","A'","cool",42,"0.464",0.075739315,0,0.075739315
"9_12","9","A'","cool",49,"0.392",NA,NA,NA
"9_12","9","A'","cool",56,"0.208",NA,NA,NA
"9_12","9","A'","cool",63,"0.195",0.000312967,0,0.000312967
"9_13","9","B'","heat",0,"0.499",0.035393171,0.01740076,0.052793931
"9_13","9","B'","heat",7,"0.504",NA,NA,NA
"9_13","9","B'","heat",14,"0.466",NA,NA,NA
"9_13","9","B'","heat",21,"0.37",NA,NA,NA
"9_13","9","B'","heat",28,"0.295",1.32388e-06,0.004063318,0.00406464188
"9_13","9","B'","heat",35,"0.196",NA,NA,NA
"9_13","9","B'","heat",42,"0",0,0,0
"9_15","9","C'","cool",0,"0.496",0.006426178,0.666639485,0.673065663
"9_15","9","C'","cool",7,"0.426",NA,NA,NA
"9_15","9","C'","cool",14,"0.389",NA,NA,NA
"9_15","9","C'","cool",21,"0.382",NA,NA,NA
"9_15","9","C'","cool",28,"0.323",0.025417318,4.073846661,4.099263979
"9_15","9","C'","cool",35,"0.354",NA,NA,NA
"9_15","9","C'","cool",42,"0.331",0.001733497,0.19192174,0.193655237
"9_15","9","C'","cool",49,"0.243",NA,NA,NA
"9_15","9","C'","cool",56,"0.336",NA,NA,NA
"9_15","9","C'","cool",63,"0.284",NA,NA,NA
"9_16","9","E'","cool",0,"0.545",0.142819543,0.025619316,0.168438859
"9_16","9","E'","cool",7,"0.499",NA,NA,NA
"9_16","9","E'","cool",14,"0.518",NA,NA,NA
"9_16","9","E'","cool",21,"0.475",NA,NA,NA
"9_16","9","E'","cool",28,"0.406",0.179404348,0.001353808,0.180758156
"9_16","9","E'","cool",35,"0.446",NA,NA,NA
"9_16","9","E'","cool",42,"0.419",NA,NA,NA
"9_16","9","E'","cool",49,"0.308",NA,NA,NA
"9_16","9","E'","cool",56,"0.244",NA,NA,NA
"9_16","9","E'","cool",63,"0.278",NA,NA,NA
"9_17","9","C*","cool",0,"0.493",2.37467e-05,2.384523343,2.3845470897
"9_17","9","C*","cool",7,"0.461",NA,NA,NA
"9_17","9","C*","cool",14,"0.447",NA,NA,NA
"9_17","9","C*","cool",21,"0.389",NA,NA,NA
"9_17","9","C*","cool",28,"0.351",1.69673e-05,0.281327055,0.2813440223
"9_17","9","C*","cool",35,"0.368",NA,NA,NA
"9_17","9","C*","cool",42,"0.345",0.000374913,0.354263343,0.354638256
"9_17","9","C*","cool",49,"0.253",NA,NA,NA
"9_17","9","C*","cool",56,"0.234",NA,NA,NA
"9_17","9","C*","cool",63,"0.146",NA,NA,NA
"9_2","9","C*","cool",0,"0.504",NA,NA,NA
"9_2","9","C*","cool",7,"0.468",NA,NA,NA
"9_2","9","C*","cool",14,"0.453",NA,NA,NA
"9_2","9","C*","cool",21,"0.407",NA,NA,NA
"9_2","9","C*","cool",28,"0.35",0.000151871,0.324722222,0.324874093
"9_2","9","C*","cool",35,"0.374",NA,NA,NA
"9_2","9","C*","cool",42,"0.357",0,0.200307851,0.200307851
"9_2","9","C*","cool",49,"0.259",NA,NA,NA
"9_2","9","C*","cool",56,"0.238",NA,NA,NA
"9_2","9","C*","cool",63,"0.142",6.33633e-05,0.04108876,0.0411521233
"9_21","9","F*","heat",0,"0.498",0,0.407471947,0.407471947
"9_21","9","F*","heat",7,"0.535",NA,NA,NA
"9_21","9","F*","heat",14,"0.458",NA,NA,NA
"9_21","9","F*","heat",21,"0.433",NA,NA,NA
"9_21","9","F*","heat",28,"0.299",1.03073e-05,0.088942848,0.0889531553
"9_21","9","F*","heat",35,"0.253",NA,NA,NA
"9_21","9","F*","heat",42,"0.145",0,0.008360206,0.008360206
"9_23","9","C*","cool",0,"0.487",0,0.163842497,0.163842497
"9_23","9","C*","cool",7,"0.431",NA,NA,NA
"9_23","9","C*","cool",14,"0.406",NA,NA,NA
"9_23","9","C*","cool",21,"0.312",NA,NA,NA
"9_23","9","C*","cool",28,"0.315",0,0.234176613,0.234176613
"9_23","9","C*","cool",35,"0.32",NA,NA,NA
"9_23","9","C*","cool",42,"0.283",2.84949e-05,2.862811861,2.8628403559
"9_23","9","C*","cool",49,"0.272",NA,NA,NA
"9_23","9","C*","cool",56,"0.235",NA,NA,NA
"9_23","9","C*","cool",63,"0.156",0.000311404,5.596823864,5.597135268
"9_25","9","B*","heat",0,"0.496",5.48955e-05,0.206058008,0.2061129035
"9_25","9","B*","heat",7,"0.519",NA,NA,NA
"9_25","9","B*","heat",14,"0.514",NA,NA,NA
"9_25","9","B*","heat",21,"0.414",NA,NA,NA
"9_25","9","B*","heat",28,"0.303",NA,NA,NA
"9_25","9","B*","heat",35,"0.16",NA,NA,NA
"9_25","9","B*","heat",42,"0",0,0.005905895,0.005905895
"9_26","9","D'","heat",0,"0.506",0.001461607,1.07834919,1.079810797
"9_26","9","D'","heat",7,"0.532",NA,NA,NA
"9_26","9","D'","heat",14,"0.52",NA,NA,NA
"9_26","9","D'","heat",21,"0.471",NA,NA,NA
"9_26","9","D'","heat",28,"0.409",5.73792e-05,0.205084629,0.2051420082
"9_26","9","D'","heat",35,"0.232",NA,NA,NA
"9_26","9","D'","heat",42,"0",5.02166e-06,0.003499646,0.00350466766
"9_28","9","F'","heat",0,"0.474",0.006114793,7.654841217,7.66095601
"9_28","9","F'","heat",7,"0.51",NA,NA,NA
"9_28","9","F'","heat",14,"0.494",NA,NA,NA
"9_28","9","F'","heat",21,"0.435",NA,NA,NA
"9_28","9","F'","heat",28,"0.279",5.72668e-05,0.879886492,0.8799437588
"9_28","9","F'","heat",35,"0.108",NA,NA,NA
"9_28","9","F'","heat",42,"0.154",0,0.034434285,0.034434285
"9_30","9","D*","heat",0,"0.524",NA,NA,NA
"9_30","9","D*","heat",7,"0.53",NA,NA,NA
"9_30","9","D*","heat",14,"0.469",NA,NA,NA
"9_30","9","D*","heat",21,"0.426",NA,NA,NA
"9_30","9","D*","heat",28,"0.323",1.76051e-05,0.133409718,0.1334273231
"9_30","9","D*","heat",35,"0.237",NA,NA,NA
"9_30","9","D*","heat",42,"0",5.24792e-06,0.00137342,0.00137866792
"9_6","9","D*","heat",0,"0.502",6.08361e-05,1.905364161,1.9054249971
"9_6","9","D*","heat",7,"0.538",NA,NA,NA
"9_6","9","D*","heat",14,"0.475",NA,NA,NA
"9_6","9","D*","heat",21,"0.422",NA,NA,NA
"9_6","9","D*","heat",28,"0.268",6.44836e-05,0.077355127,0.0774196106
"9_6","9","D*","heat",35,"0.274",NA,NA,NA
"9_6","9","D*","heat",42,"0.136",6.75112e-06,0.002051671,0.00205842212
"9_8","9","B*","heat",0,"0.533",0.000145642,0.608741197,0.608886839
"9_8","9","B*","heat",7,"0.554",NA,NA,NA
"9_8","9","B*","heat",14,"0.517",NA,NA,NA
"9_8","9","B*","heat",21,"0.48",NA,NA,NA
"9_8","9","B*","heat",28,"0.44",0,0.25690864,0.25690864
"9_8","9","B*","heat",35,"0.181",NA,NA,NA
"9_8","9","B*","heat",42,"0",2.9167e-05,0.002274508,0.002303675
"9_9","9","A*","cool",0,"0.515",0.089434613,1.796208892,1.885643505
"9_9","9","A*","cool",7,"0.487",NA,NA,NA
"9_9","9","A*","cool",14,"0.46",NA,NA,NA
"9_9","9","A*","cool",21,"0.41",NA,NA,NA
"9_9","9","A*","cool",28,"0.369",0.025002741,0.222301114,0.247303855
"9_9","9","A*","cool",35,"0.366",NA,NA,NA
"9_9","9","A*","cool",42,"0.372",0.077976393,1.916396587,1.99437298
"9_9","9","A*","cool",49,"0.327",NA,NA,NA
"9_9","9","A*","cool",56,"0.238",NA,NA,NA
"9_9","9","A*","cool",63,"0.282",NA,NA,NA
"1_22","1","E*","cool",0,"0.443",NA,NA,NA
"1_22","1","E*","cool",7,"0.443",NA,NA,NA
"1_22","1","E*","cool",14,"0.43",NA,NA,NA
"1_22","1","E*","cool",21,"0.409",NA,NA,NA
"1_22","1","E*","cool",28,"0.331",NA,NA,NA
"1_22","1","E*","cool",35,"0.38",NA,NA,NA
"1_22","1","E*","cool",42,"0.329",NA,NA,NA
"1_22","1","E*","cool",49,"0.237",NA,NA,NA
"1_22","1","E*","cool",56,"0.223",NA,NA,NA
"1_22","1","E*","cool",63,"0.114",NA,NA,NA
"3_10","3","C*","cool",0,"0.434",NA,NA,NA
"3_10","3","C*","cool",7,"0.418",NA,NA,NA
"3_10","3","C*","cool",14,"0.427",NA,NA,NA
"3_10","3","C*","cool",21,"0.385",NA,NA,NA
"3_10","3","C*","cool",28,"0.332",NA,NA,NA
"3_10","3","C*","cool",35,"0.287",NA,NA,NA
"3_10","3","C*","cool",42,"0.323",NA,NA,NA
"3_10","3","C*","cool",49,"0.258",NA,NA,NA
"3_10","3","C*","cool",56,"0.197",NA,NA,NA
"3_10","3","C*","cool",63,"0.106",NA,NA,NA
"3_6","3","A'","cool",0,"0.508",NA,NA,NA
"3_6","3","A'","cool",7,"0.51",NA,NA,NA
"3_6","3","A'","cool",14,"0.501",NA,NA,NA
"3_6","3","A'","cool",21,"0.46",NA,NA,NA
"3_6","3","A'","cool",28,"0.438",NA,NA,NA
"3_6","3","A'","cool",35,"0.46",NA,NA,NA
"3_6","3","A'","cool",42,"0.431",NA,NA,NA
"3_6","3","A'","cool",49,"0.369",NA,NA,NA
"3_6","3","A'","cool",56,"0.243",NA,NA,NA
"3_6","3","A'","cool",63,"0.278",NA,NA,NA
"6_5","6","E*","cool",0,"0.509",NA,NA,NA
"6_5","6","E*","cool",7,"0.461",NA,NA,NA
"6_5","6","E*","cool",14,"0.447",NA,NA,NA
"6_5","6","E*","cool",21,"0.403",NA,NA,NA
"6_5","6","E*","cool",28,"0.358",NA,NA,NA
"6_5","6","E*","cool",35,"0.402",NA,NA,NA
"6_5","6","E*","cool",42,"0.356",NA,NA,NA
"6_5","6","E*","cool",49,"0.271",NA,NA,NA
"6_5","6","E*","cool",56,"0.239",NA,NA,NA
"6_5","6","E*","cool",63,"0.183",NA,NA,NA
"6_7","6","E*","cool",0,"0.524",NA,NA,NA
"6_7","6","E*","cool",7,"0.468",NA,NA,NA
"6_7","6","E*","cool",14,"0.441",NA,NA,NA
"6_7","6","E*","cool",21,"0.361",NA,NA,NA
"6_7","6","E*","cool",28,"0.344",NA,NA,NA
"6_7","6","E*","cool",35,"0.36",NA,NA,NA
"6_7","6","E*","cool",42,"0.275",NA,NA,NA
"6_7","6","E*","cool",49,"0.288",NA,NA,NA
"6_7","6","E*","cool",56,"0.206",NA,NA,NA
"6_7","6","E*","cool",63,"0.126",NA,NA,NA
"7_1","7","E*","cool",0,"0.501",NA,NA,NA
"7_1","7","E*","cool",7,"0.48",NA,NA,NA
"7_1","7","E*","cool",14,"0.479",NA,NA,NA
"7_1","7","E*","cool",21,"0.399",NA,NA,NA
"7_1","7","E*","cool",28,"0.376",NA,NA,NA
"7_1","7","E*","cool",35,"0.418",NA,NA,NA
"7_1","7","E*","cool",42,"0.316",NA,NA,NA
"7_1","7","E*","cool",49,"0.271",NA,NA,NA
"7_1","7","E*","cool",56,"0.211",NA,NA,NA
"7_1","7","E*","cool",63,"0.197",NA,NA,NA
"8_18","8","E*","cool",0,"0.515",NA,NA,NA
"8_18","8","E*","cool",7,"0.484",NA,NA,NA
"8_18","8","E*","cool",14,"0.473",NA,NA,NA
"8_18","8","E*","cool",21,"0.395",NA,NA,NA
"8_18","8","E*","cool",28,"0.394",NA,NA,NA
"8_18","8","E*","cool",35,"0.399",NA,NA,NA
"8_18","8","E*","cool",42,"0.37",NA,NA,NA
"8_18","8","E*","cool",49,"0.341",NA,NA,NA
"8_18","8","E*","cool",56,"0.24",NA,NA,NA
"8_18","8","E*","cool",63,"0.134",NA,NA,NA
"8_23","8","E*","cool",0,"0.505",NA,NA,NA
"8_23","8","E*","cool",7,"0.491",NA,NA,NA
"8_23","8","E*","cool",14,"0.462",NA,NA,NA
"8_23","8","E*","cool",21,"0.418",NA,NA,NA
"8_23","8","E*","cool",28,"0.376",NA,NA,NA
"8_23","8","E*","cool",35,"0.417",NA,NA,NA
"8_23","8","E*","cool",42,"0.344",NA,NA,NA
"8_23","8","E*","cool",49,"0.271",NA,NA,NA
"8_23","8","E*","cool",56,"0.213",NA,NA,NA
"8_23","8","E*","cool",63,"0.182",NA,NA,NA
"9_3","9","E*","cool",0,"0.486",NA,NA,NA
"9_3","9","E*","cool",7,"0.445",NA,NA,NA
"9_3","9","E*","cool",14,"0.434",NA,NA,NA
"9_3","9","E*","cool",21,"0.347",NA,NA,NA
"9_3","9","E*","cool",28,"0.338",NA,NA,NA
"9_3","9","E*","cool",35,"0.399",NA,NA,NA
"9_3","9","E*","cool",42,"0.309",NA,NA,NA
"9_3","9","E*","cool",49,"0.255",NA,NA,NA
"9_3","9","E*","cool",56,"0.195",NA,NA,NA
"9_3","9","E*","cool",63,"0.156",NA,NA,NA
